오름명,행정시,소재지,위도,경도,비고,표고,면적,형태,데이터기준일자,주차장,화장실
가마오름,제주시,제주특별자치도 제주시 한경면 청수리 1202,33.3056476,126.2476718,51,140.5,154486,말굽형(북동향),#######,,
가메오름,제주시,제주특별자치도 제주시 애월읍 봉성리 산124,33.3689588,126.3505941,17,372.2,28371,복합형,#######,,
가메옥,제주시,제주특별자치도 제주시 구좌읍 송당리 1712,33.4697143,126.7670928,28,368,22764,복합형,#######,,
가메창,제주시,제주특별자치도 제주시 한경면 저지리 1496,33.3303127,126.2537991,6,145.8,17037,원형,#######,,
가문이오름,서귀포시,제주특별자치도 서귀포시 표선면 가시리 산158-2,33.3988071,126.7063341,106,496.2,116176,말굽형(남서향),#######,,
가새기오름,제주시,제주특별자치도 제주시 오라동 산2838,33.4951531,126.5116727,20,115,17198,원추형,#######,,
가세오름,서귀포시,제주특별자치도 서귀포시 표선면 토산리 산2,33.3314602,126.7815087,101,200.5,373099,말굽형(서향),#######,N,N
가시오름,서귀포시,제주특별자치도 서귀포시 대정읍 동일리 1209,33.2458617,126.2555761,77,106.5,263863,말굽형(남서향),#######,N,N
각시바위,서귀포시,제주특별자치도 서귀포시 호근동 2112,33.2767541,126.5270288,140,395,585988,원추형,#######,,
감낭오름,서귀포시,제주특별자치도 서귀포시 안덕면 동광리 산41,33.3226391,126.3456997,45,439.8,117413,말굽형(북동향),#######,,
감은이오름,제주시,제주특별자치도 제주시 구좌읍 송당리 산 297,33.4242921,126.7397332,37,317.2,144548,원형,#######,,
갑선이오름,서귀포시,제주특별자치도 서귀포시 표선면 가시리 산 2,33.3988071,126.7063341,83,188.2,252799,말굽형(서남향),#######,N,N
개오름,서귀포시,제주특별자치도 서귀포시 표선면 성읍리 2974,33.4239746,126.7687182,130,344.7,338028,원추형,#######,N,N
개오리오름,제주시,제주특별자치도 제주시 봉개동 산78-1,33.4393726,126.6284479,117,743,640913,복합형,#######,,
갯거리오름,서귀포시,제주특별자치도 서귀포시 대포동 산1-8,33.3116678,126.4587607,38,708.4,64003,원추형,#######,,
갯거리오름,제주시,제주특별자치도 제주시 한림읍 명월리 15,33.3760389,126.2924867,69,253.5,123623,말굽형(서향),#######,,
거린(족은)오름,서귀포시,제주특별자치도 서귀포시 남원읍 한남리 산2-1,33.3352599,126.6681117,123,493.2,315285,말굽형(남동향),#######,,
거린(큰)오름,서귀포시,제주특별자치도 서귀포시 남원읍 한남리 산2-1,33.3352599,126.6681117,153,532.7,369143,말굽형(북서향),#######,,
거린사슴,서귀포시,제주특별자치도 서귀포시 대포동 산 2-1,33.3073168,126.4548441,103,742.9,286247,말굽형(서향),#######,Y,Y
거린오름,서귀포시,제주특별자치도 서귀포시 안덕면 동광리 산94,33.302389,126.3319337,68,298.2,247021,원추형,#######,,
거문오름,제주시,제주특별자치도 제주시 조천읍 선흘리 산102-1,33.4536212,126.7191236,112,456.6,809860,복합형,#######,,
거미오름,제주시,제주특별자치도 제주시 구좌읍 종달리 산70,33.4880673,126.8804954,115,340,466283,복합형,#######,,
거슨세미,제주시,제주특별자치도 제주시 구좌읍 송당리 산145,33.4505745,126.759182,125,380,661438,말굽형(서향),#######,,
거친오름,제주시,제주특별자치도 제주시 구좌읍 송당리 산84-2,33.4596346,126.7417283,70,354.6,197468,복합형,#######,,
거친오름,제주시,제주특별자치도 제주시 봉개동 산66,33.4454874,126.6194522,154,618.5,493952,말굽형(북향),#######,,
걸리오름,서귀포시,제주특별자치도 서귀포시 성산읍 신풍리 1575,33.3769287,126.8143234,14,123.8,11449,원추형,#######,,
걸서악(동걸세),서귀포시,제주특별자치도 서귀포시 남원읍 하례리 산124,33.3420367,126.5884214,48,158,58199,원추형,#######,,
걸서악(서걸세),서귀포시,제주특별자치도 서귀포시 남원읍 하례리 산124,33.3420367,126.5884214,50,150,69970,원추형,#######,,
걸시오름,제주시,제주특별자치도 제주시 연동 산150,33.4113296,126.5054579,82,732.4,277449,말굽형(북향),#######,,
검은덕이,제주시,제주특별자치도 제주시 애월읍 소길리 산118,33.4185267,126.3862922,52,401.5,57156,원추형,#######,,
검은들먹오름,제주시,제주특별자치도 제주시 애월읍 어도리 산1,33.3583057,126.3854375,87,712.4,120797,말굽형(북향),#######,,
검은오름,제주시,제주특별자치도 제주시 연동 산110,33.4449309,126.5001327,129,438.8,702094,말굽형(북향),#######,,
고근산,서귀포시,제주특별자치도 서귀포시 서호동 1286-1,33.2663637,126.5123088,171,396.2,1204428,원형,#######,Y,Y
고내봉,제주시,제주특별자치도 제주시 애월읍 고내리 산3-1,33.460022,126.3406402,135,175.3,739484,복합형,#######,,
고냉이슬,제주시,제주특별자치도 제주시 봉개동 165,33.476344,126.6166833,69,304.5,1136315,원형,#######,,
고이악,서귀포시,제주특별자치도 서귀포시 남원읍 한남리 산16,33.3352599,126.6681117,52,302,90743,말굽형(북서향),#######,,
골머리,제주시,제주특별자치도 제주시 노형동 산20,33.4048478,126.5028106,95,848.4,54036,원추형,#######,,
골체오름,제주시,제주특별자치도 제주시 조천읍 선흘리 1912,33.4504845,126.7052371,30,395.3,25726,말굽형(남서향),#######,,
과오름,제주시,제주특별자치도 제주시 애월읍 곽지리 산4,33.4459284,126.3238311,85,155,267254,말굽형(북서향),#######,,
광이오름,제주시,제주특별자치도 제주시 연동 산62,33.4676118,126.49545,77,266.8,236701,말굽형(남동향),#######,,
괭이모루,제주시,제주특별자치도 제주시 구좌읍 송당리 산198,33.4635111,126.7793824,33,253.2,89301,말굽형(동북향),#######,,
괴수치,서귀포시,제주특별자치도 서귀포시 안덕면 광평리 산79,33.340233,126.374785,59,558.7,99640,원형,#######,N,N
괴오름,제주시,제주특별자치도 제주시 애월읍 봉성리 산41,33.3689588,126.3505941,103,653.3,379587,말굽형(북향),#######,,
구그네오름,제주시,제주특별자치도 제주시 조천읍 와흘리 957,33.4906364,126.6385403,47,237.4,38935,원추형,#######,,
구두리오름,서귀포시,제주특별자치도 서귀포시 표선면 가시리 산158-2,33.3988071,126.7063341,117,517,451437,말굽형(동향),#######,,
구산봉,서귀포시,제주특별자치도 서귀포시 하원동 1180-2,33.2600699,126.4536654,69,174.2,186940,말굽형(동남향),#######,,
군산,서귀포시,제주특별자치도 서귀포시 안덕면 창천리 564,33.2551426,126.3683605,280,334.5,2836857,원추형(라바돔),#######,Y,N
굽은오름,제주시,제주특별자치도 제주시 한경면 조수2리 3666,33.3501173,126.184217,26,96,296443,복합형,#######,,
궁대악,서귀포시,제주특별자치도 서귀포시 성산읍 수산리 4711,33.4349078,126.8170896,54,238.8,209701,복합형,#######,N,N
궁산,서귀포시,제주특별자치도 서귀포시 강정동 3712,33.2650338,126.4815835,37,187,73912,말굽형(북향),#######,,
권제오름,제주시,제주특별자치도 제주시 아라일동 350,33.4574322,126.5581964,28,297.7,43039,원추형,#######,,
궤펜이,제주시,제주특별자치도 제주시 조천읍 교래리 산137-1,33.4276176,126.6665803,167,792.1,529149,원형,#######,,
궷물오름,제주시,제주특별자치도 제주시 애월읍 금덕리 산136-1,33.4619478,126.3295244,57,597.2,138366,말굽형(북동향),#######,,
극락오름,제주시,제주특별자치도 제주시 애월읍 고성리 산3,33.436435,126.4142994,64,313.5,131583,말굽형(북서향),#######,,
금산,서귀포시,제주특별자치도 서귀포시 안덕면 사계리 3152-2,33.2361528,126.2858552,34,63.5,67769,원추형,#######,N,N
금오름,제주시,제주특별자치도 제주시 한림읍 금악리 산1-1,33.355577,126.3056877,178,427.5,613966,원형(화구호),#######,Y,N
까그래기,제주시,제주특별자치도 제주시 조천읍 교래리 128,33.4276176,126.6665803,49,429,132944,원형,#######,,
꾀꼬리오름,제주시,제주특별자치도 제주시 조천읍 대흘리 산33,33.4635865,126.6784027,58,428.3,110674,말굽형(북서향),#######,,
나시리오름,서귀포시,제주특별자치도 서귀포시 성산읍 난산리 2683,33.4145318,126.8357472,29,164,51624,말굽형(북향),#######,,
남산봉,서귀포시,제주특별자치도 서귀포시 성산읍 신풍리 1675-21,33.3860915,126.8081632,54,178.8,185332,원형,#######,N,N
남송이오름,서귀포시,제주특별자치도 서귀포시 안덕면 서광리 산33,33.3050158,126.3046682,139,339,366531,복합형,#######,Y,N
남짓은오름,제주시,제주특별자치도 제주시 연동 산25,33.4736946,126.496639,167,296.7,637805,말굽형(북서향),#######,,
낭끼오름,서귀포시,제주특별자치도 서귀포시 성산읍 수산리 3954,33.4355716,126.842924,40,185.1,82601,원형,#######,N,N
넉시악,서귀포시,제주특별자치도 서귀포시 남원읍 의귀리 531-1,33.3244253,126.7317431,56,146.2,128854,말굽형(서북향),#######,,
넙거리,서귀포시,제주특별자치도 서귀포시 남원읍 한남리 산2-1,33.3352599,126.6681117,102,436.6,269857,원형,#######,,
넙거리,제주시,제주특별자치도 제주시 조천읍 교래리 산137-1,33.4276176,126.6665803,100,810,488263,말굽형(서향),#######,,
넙게오름,서귀포시,제주특별자치도 서귀포시 안덕면 서광리 943,33.2871076,126.3162332,62,246.5,260296,말굽형(서북향),#######,N,N
노꼬메족은오름,제주시,제주특별자치도 제주시 애월읍 유수암리 산138,33.3923111,126.4152399,124,774.4,601440,말굽형(북서향),#######,Y,Y
노꼬메큰오름,제주시,제주특별자치도 제주시 애월읍 유수암리 산138,33.3923111,126.4152399,234,833.8,923692,말굽형(북서향),#######,Y,Y
노로오름,제주시,제주특별자치도 제주시 애월읍 유수암리 산139,33.3809794,126.4304925,105,1070,475274,복합형,#######,,
노리손이,제주시,제주특별자치도 제주시 연동 산137,33.4270999,126.49896,136,616.2,222294,말굽형(북향),#######,,
녹남봉,서귀포시,제주특별자치도 서귀포시 대정읍 신도리 1304-1,33.2798153,126.1954827,50,100.4,124498,원형,#######,N,N
녹하지악,서귀포시,제주특별자치도 서귀포시 중문동 산5,33.3068124,126.4327117,121,620.5,340236,원추형,#######,,
논고악,서귀포시,제주특별자치도 서귀포시 남원읍 신례리 산2-1,33.299995,126.6297939,143,843,567616,원형,#######,,
논오름,서귀포시,제주특별자치도 서귀포시 안덕면 화순리 12-1,33.2668066,126.3411329,56,186,92566,말굽형(북동향),#######,Y,N
논오름,제주시,제주특별자치도 제주시 삼양일동 558-1,33.5174707,126.5983316,13,52.5,16244,원추형,#######,,
높은오름,제주시,제주특별자치도 제주시 구좌읍 송당리 산213-1,33.4576129,126.7921824,175,405.3,951657,원형,#######,,
누운오름,제주시,제주특별자치도 제주시 애월읍 광령리 산138-1,33.3701721,126.4819697,71,1711.2,144548,원추형,#######,,
누운오름,제주시,제주특별자치도 제주시 한림읍 금악리 산10-5,33.361311,126.3300495,57,407,420021,복합형,#######,,
눈오름,제주시,제주특별자치도 제주시 애월읍 봉성리 2952-2,33.3689588,126.3505941,31,131.1,51576,말굽형(북향),#######,,
눈오름,제주시,제주특별자치도 제주시 애월읍 장전리 1756,33.449793,126.3756931,13,127.5,20780,말굽형(동향),#######,,
눈오름,제주시,제주특별자치도 제주시 해안동 166-5,33.4611392,126.4728015,54,203.5,105922,말굽형(북서향),#######,,
느지리오름,제주시,제주특별자치도 제주시 한림읍 상명리 산5,33.3653429,126.2613767,85,225,332844,복합형,#######,,
늡서리,제주시,제주특별자치도 제주시 조천읍 교래리 산119,33.4276176,126.6665803,59,488.9,115505,말굽형(북동향),#######,,
능화오름,제주시,제주특별자치도 제주시 오라동 산107,33.4079644,126.5215951,91,975.5,194370,말굽형(북향),#######,,
다랑쉬,제주시,제주특별자치도 제주시 구좌읍 세화리 산6,33.4765321,126.8218552,227,382.4,800463,원형,#######,Y,Y
다래오름,서귀포시,제주특별자치도 서귀포시 중문동 산1-1,33.3436613,126.4650215,64,983.8,128686,말굽형(서향),#######,Y,N
다래오름,제주시,제주특별자치도 제주시 애월읍 어음리 산25,33.3635035,126.4247413,87,696.5,231752,말굽형(북동향),#######,,
다래오름동북쪽2,제주시,제주특별자치도 제주시 애월읍 어도리 산1,33.3583057,126.3854375,40,725.9,97951,말굽형(동향),#######,,
단산,서귀포시,제주특별자치도 서귀포시 안덕면 사계리 3124-1,33.2395605,126.2893098,113,158,339982,원추형,#######,Y,N
달산봉,서귀포시,제주특별자치도 서귀포시 표선면 하천리 1043-1,33.3485734,126.8327895,87,136.5,152322,말굽형(동향),#######,N,N
당산봉,제주시,제주특별자치도 제주시 한경면 용수리 4705,33.3107155,126.1710775,118,148,534135,복합형,#######,Y,N
당산봉 알봉,제주시,제주특별자치도 제주시 한경면 용수리 2705,33.3105679,126.1767326,53,83,184267,원추형,#######,,
당오름,서귀포시,제주특별자치도 서귀포시 안덕면 동광리 산68-1,33.3331835,126.3358299,118,473,415293,원형,#######,,
당오름,제주시,제주특별자치도 제주시 구좌읍 송당리 산199-1,33.4684776,126.7757638,69,274.1,141135,말굽형(북서향),#######,,
당오름,제주시,제주특별자치도 제주시 조천읍 와산리 산7-1,33.4783903,126.6882073,56,306.4,138170,말굽형(남향),#######,,
대록산,서귀포시,제주특별자치도 서귀포시 표선면 가시리 산68,33.3988071,126.7063341,125,474.5,522097,원형,#######,N,Y
대물동산,제주시,제주특별자치도 제주시 구좌읍 송당리 1919,33.4654698,126.7852048,17,232.8,31003,말굽형(북향),#######,,
대병악,서귀포시,제주특별자치도 서귀포시 대정읍 상창리 산2-1,33.3066236,126.3704559,132,491.9,301657,말굽형(북향),#######,N,N
대수산봉,서귀포시,제주특별자치도 서귀포시 성산읍 고성리 2039-1,33.4382802,126.9036728,97,137.3,260522,원형,#######,,
대왕산,서귀포시,제주특별자치도 서귀포시 성산읍 수산리 1431,33.456482,126.8727771,83,157.6,258195,말굽형(북서향),#######,N,N
대천이오름,제주시,제주특별자치도 제주시 조천읍 선흘리 산154,33.4523541,126.684223,67,447,135971,말굽형(북동향),#######,,
더데오름,서귀포시,제주특별자치도 서귀포시 상예동 4489-1,33.2716442,126.3744901,48,228.4,43434,원추형,#######,,
도너리오름,서귀포시,제주특별자치도 서귀포시 안덕면 동광리 산90,33.3245394,126.331734,110,439.6,306369,복합형,#######,,
도두봉,제주시,제주특별자치도 제주시 도두동 산1,33.5085355,126.4691787,55,65.3,80253,원추형,#######,,
도청오름,서귀포시,제주특별자치도 서귀포시 표선면 표선리 2450,33.3124003,126.8156949,70,100.5,152322,말굽형(남동향),#######,,
독자봉,서귀포시,제주특별자치도 서귀포시 성산읍 신산리 1785,33.3877114,126.8541774,79,159.3,201388,말굽형(남동향),#######,Y,Y
돈두미오름,서귀포시,제주특별자치도 서귀포시 대정읍 영락리 1450,33.2514508,126.2069312,22,41.9,116242,원추형,#######,,
돌미,서귀포시,제주특별자치도 서귀포시 성산읍 수산리 4535,33.4378734,126.8285056,26,186.4,33377,원추형,#######,,
돌오름,서귀포시,제주특별자치도 서귀포시 대정읍 상천리 산1,33.3322298,126.424602,71,865.8,406036,원형,#######,,
돌오름,제주시,제주특별자치도 제주시 월평동 산6,33.4093422,126.5897562,54,1278.5,41620,원추형,#######,,
돔박이,서귀포시,제주특별자치도 서귀포시 안덕면 광평리 산89,33.3394248,126.364176,51,521.4,68146,말굽형(북동향),#######,,
돔배오름,제주시,제주특별자치도 제주시 조천읍 교래리 산62,33.4276176,126.6665803,36,466,117259,원형,#######,,
동수악,서귀포시,제주특별자치도 서귀포시 남원읍 한남리 산2-1,33.3352599,126.6681117,100,700,256640,원형(화구호),#######,,
동알오름,서귀포시,제주특별자치도 서귀포시 대정읍 상모리 153,33.2071443,126.2888801,30,45,82517,말굽형(북동향),#######,,
돝오름,제주시,제주특별자치도 제주시 구좌읍 송당리 산3,33.4803459,126.7995911,129,284.2,430425,원형,#######,,
두산봉,서귀포시,제주특별자치도 서귀포시 성산읍 시흥리 산1-5,33.4786495,126.8840616,101,126.5,924938,복합형,#######,Y,Y
둔지봉,제주시,제주특별자치도 제주시 구좌읍 한동리 산40,33.5014578,126.7972464,152,282.2,360185,말굽형(남향),#######,,
뒤굽은이,제주시,제주특별자치도 제주시 구좌읍 송당리 산 39-1,33.4797426,126.7670605,52,251.6,74274,말굽형(북향),#######,,
들레오름,제주시,제주특별자치도 제주시 월평동 665-2,33.4594963,126.5797071,40,347.9,92971,말굽형(남서향),#######,,
들리오름,제주시,제주특별자치도 제주시 오등동 158,33.4616426,126.5407119,47,542.4,47825,말굽형(북향),#######,,
따라비,서귀포시,제주특별자치도 서귀포시 표선면 가시리 산62,33.3988071,126.7063341,107,342,448111,복합형,#######,Y,Y
마보기,서귀포시,제주특별자치도 서귀포시 대정읍 상천리 산83,33.3193823,126.3912479,45,559.7,57554,원추형,#######,,
마오름,제주시,제주특별자치도 제주시 한경면 저지리 산55-2,33.338362,126.2441029,27,122,38946,말굽형(남향),#######,,
마은이,서귀포시,제주특별자치도 서귀포시 남원읍 수망리 산203,33.3766116,126.6529799,47,552,115182,말굽형(북향),#######,,
마은이옆,서귀포시,제주특별자치도 서귀포시 표선면 가시리 산158,33.3988071,126.7063341,53,548.5,119062,말굽형(북동향),#######,,
마중오름,제주시,제주특별자치도 제주시 한경면 저지리 2143-18,33.3345756,126.2731034,44,168.6,120340,복합형,#######,,
만세동산,제주시,제주특별자치도 제주시 애월읍 광령리 산138-1,33.3701721,126.4819697,81,1606.2,239605,원추형,#######,,
말젯오름,제주시,제주특별자치도 제주시 애월읍 곽지리 산14,33.4474908,126.3171162,13,102.5,0,원추형,#######,,
말찻,제주시,제주특별자치도 제주시 조천읍 교래리 산137-1,33.4276176,126.6665803,103,653.3,403935,말굽형(동향),#######,,
망동산,제주시,제주특별자치도 제주시 우도면 연평리 산19-1,33.4920413,126.9652088,30,87.5,47292,원추형,#######,,
망밭,서귀포시,제주특별자치도 서귀포시 서호동 73,33.2419753,126.5243303,43,52.6,61966,원추형,#######,,
매오름,서귀포시,제주특별자치도 서귀포시 표선면 표선리 2458-1,33.3172834,126.8184178,107,136.7,353972,말굽형(북서향),#######,,
머체오름,서귀포시,제주특별자치도 서귀포시 남원읍 한남리 산2-1,33.3352599,126.6681117,51,425.8,125020,원추형,#######,Y,Y
명월오름,제주시,제주특별자치도 제주시 한림읍 명월리 1105,33.3815716,126.2793027,39,148.5,60359,말굽형(남향),#######,,
모구리알오름,서귀포시,제주특별자치도 서귀포시 성산읍 난산리 2960-1,33.4080291,126.8271111,18,202.6,19641,말굽형(남향),#######,Y,Y
모구리오름,서귀포시,제주특별자치도 서귀포시 성산읍 난산리 2960-1,33.4080291,126.8271111,82,232,202089,말굽형(남동향),#######,Y,Y
모라이악,서귀포시,제주특별자치도 서귀포시 색달동 산16-1,33.2569808,126.3864531,66,510.7,206773,원형,#######,,
모슬봉,서귀포시,제주특별자치도 서귀포시 대정읍 상모리 3540-2,33.2387353,126.2586981,131,180.5,453030,원추형,#######,,
모지오름,서귀포시,제주특별자치도 서귀포시 표선면 성읍리 산22,33.3963893,126.7728588,86,305.8,535643,말굽형(북동향),#######,,
묘산봉,제주시,제주특별자치도 제주시 구좌읍 서김녕리 369,33.5515228,126.7689858,81,116.3,157609,말굽형(남향),#######,,
무악,서귀포시,제주특별자치도 서귀포시 안덕면 동광리 산12,33.3162683,126.3665846,126,496.1,314656,말굽형(남향),#######,,
문도지오름,제주시,제주특별자치도 제주시 한림읍 금악리 3444,33.3267317,126.2945425,55,260.3,106436,말굽형(동향),#######,,
문석이오름,제주시,제주특별자치도 제주시 구좌읍 송당리 산234,33.446911,126.7956369,67,291.8,228379,복합형,#######,,
물메,제주시,제주특별자치도 제주시 애월읍 수산리 산1-1,33.4737592,126.3846826,92,121.5,1932024,원추형(분화구흔적),#######,,
물영아리,서귀포시,제주특별자치도 서귀포시 남원읍 수망리 산189,33.3630542,126.692283,128,508,717013,원형(화구호),#######,Y,N
물오름,서귀포시,제주특별자치도 서귀포시 남원읍 하례리 산 10,33.3420367,126.5884214,114,838.6,346856,말굽형(남동향),#######,,
물장오리,제주시,제주특별자치도 제주시 봉개동 산78-2,33.4077725,126.6049852,120,937.2,628987,원형(화구호),#######,,
물찻,제주시,제주특별자치도 제주시 조천읍 교래리 산137-1,33.4276176,126.6665803,167,717.2,744401,복합형(화구호),#######,,
미악산,서귀포시,제주특별자치도 서귀포시 동홍동 산7,33.3005695,126.5553449,113,567.5,424611,말굽형(남향),#######,Y,Y
민대가리동산,제주시,제주특별자치도 제주시 애월읍 광령리 산138-1,33.3701721,126.4819697,76,1600.5,184192,원추형,#######,,
민머루오름,서귀포시,제주특별자치도 서귀포시 중문동 산1-3,33.3319444,126.4589805,82,882.7,387181,원추형,#######,,
민오름,서귀포시,제주특별자치도 서귀포시 남원읍 수망리 158,33.3300285,126.7162641,97,446.8,371170,말굽형(동향),#######,N,Y
민오름,제주시,제주특별자치도 제주시 구좌읍 송당리 산156,33.4383118,126.7647013,102,362,412245,말굽형(북동향),#######,,
민오름,제주시,제주특별자치도 제주시 오라이동 산28,33.4752267,126.5072534,117,251.7,474001,말굽형(북동향),#######,,
민오름,제주시,제주특별자치도 제주시 조천읍 선흘리 산141,33.4478489,126.6919035,118,518.3,400724,복합형,#######,,
민오름(무녜오름),제주시,제주특별자치도 제주시 봉개동 산64,33.4363994,126.6366437,136,651,518910,복합형,#######,,
바농오름,제주시,제주특별자치도 제주시 조천읍 교래리 산108,33.4276176,126.6665803,142,552.1,473953,복합형,#######,,
바리메,제주시,제주특별자치도 제주시 애월읍 어름리 산1,33.3929667,126.3753776,213,763.4,1288365,원형,#######,,
밝은오름,서귀포시,제주특별자치도 서귀포시 안덕면 동광리 1138,33.297082,126.3397151,40,290,54945,말굽형(북향),#######,,
밝은오름,제주시,제주특별자치도 제주시 한림읍 금악리 18-1,33.3515126,126.3368755,15,379.9,15698,말굽형(북향),#######,,
밝은오름,제주시,제주특별자치도 제주시 한림읍 상명리 1696,33.361572,126.2657739,43,182.5,78972,말굽형(북향),#######,,
밝은오름,제주시,제주특별자치도 제주시 해안동 355-21,33.4427302,126.4676923,37,337,33180,말굽형(남향),#######,,
밧돌오름,제주시,제주특별자치도 제주시 구좌읍 송당리 산66-1,33.4602935,126.7620404,103,352.8,372226,말굽형(북동향),#######,,
밧세미,제주시,제주특별자치도 제주시 봉개동 산3,33.466245,126.6025851,92,391.7,114322,말굽형(북동향),#######,,
방애오름,서귀포시,제주특별자치도 서귀포시 동홍동 산1,33.3150776,126.5405045,129,1699.3,395807,원추형,#######,,
방애오름,제주시,제주특별자치도 제주시 조천읍 교래리 산45,33.4276176,126.6665803,48,453.4,475019,원형,#######,,
방일봉,제주시,제주특별자치도 제주시 노형동 2093-1,33.4728802,126.4698727,20,120,22101,원추형,#######,,
방주오름,제주시,제주특별자치도 제주시 한림읍 명월리 679,33.3794057,126.282265,8,163.3,9975,원추형,#######,,
백약이오름,서귀포시,제주특별자치도 서귀포시 표선면 성읍리 산1,33.4372808,126.7901747,132,356.9,581463,원형,#######,Y,N
번널오름,서귀포시,제주특별자치도 서귀포시 표선면 가시리 산10,33.3988071,126.7063341,62,272.3,129713,원추형(침식),#######,,
법정악,서귀포시,제주특별자치도 서귀포시 하원동 산1-1,33.3401998,126.4792115,90,760.1,97901,원추형,#######,Y,Y
베두리오름,제주시,제주특별자치도 제주시 연동 270-3,33.4921028,126.4904836,10,85,21438,말굽형(남향),#######,,
베릿네오름,서귀포시,제주특별자치도 서귀포시 중문동 2284,33.2476492,126.4204882,61,101.2,159357,말굽형(북향),#######,Y,Y
별도봉,제주시,제주특별자치도 제주시 화북일동 4472,33.519308,126.5530793,101,136,242535,원추형,#######,,
병곳오름,서귀포시,제주특별자치도 서귀포시 표선면 가시리 산8,33.3988071,126.7063341,113,288.1,482903,말굽형(북동향),#######,,
보롬이,서귀포시,제주특별자치도 서귀포시 대정읍 무릉1리 3526-1,33.270867,126.2026285,14,49,15717,원추형,#######,,
보롬이,서귀포시,제주특별자치도 서귀포시 서홍동 1212,33.2523211,126.5534792,30,85.4,109615,원추형,#######,,
보리악,서귀포시,제주특별자치도 서귀포시 남원읍 신례리 산2-1,33.299995,126.6297939,130,739.6,442410,원추형,#######,,
본지오름,서귀포시,제주특별자치도 서귀포시 성산읍 삼달리 2104-1,33.385795,126.823776,32,151.9,120987,말굽형(남향),#######,,
볼레오름,서귀포시,제주특별자치도 서귀포시 하원동 산1-1,33.3401998,126.4792115,104,1374.2,453146,말굽형(북서향),#######,,
봉아오름,제주시,제주특별자치도 제주시 봉개동 1811-1,33.4920278,126.5922532,36,165.5,57506,말굽형(남서향),#######,,
부대악,제주시,제주특별자치도 제주시 조천읍 선흘리 산103-1,33.4475866,126.7099823,109,468.8,455827,말굽형(동북향),#######,,
부소악,제주시,제주특별자치도 제주시 조천읍 교래리 산2,33.4276176,126.6665803,129,469.2,423459,말굽형(서남향),#######,,
북돌아진오름,제주시,제주특별자치도 제주시 애월읍 봉성리 산41,33.3689588,126.3505941,118,643,338981,말굽형(북서향),#######,,
북망산,서귀포시,제주특별자치도 서귀포시 표선면 토산리 산11,33.3277266,126.7773794,42,141.9,83414,원추형,#######,,
북오름,서귀포시,제주특별자치도 서귀포시 안덕면 동광리 산93,33.3056468,126.3313681,84,314.3,121783,말굽형(남향),#######,N,N
북오름,제주시,제주특별자치도 제주시 구좌읍 덕천리 산69,33.4909118,126.7401829,86,304.6,168850,말굽형(북향),#######,,
불칸디오름,제주시,제주특별자치도 제주시 봉개동 산78-2,33.4077725,126.6049852,91,996.3,204167,말굽형(서남형),#######,,
붉은오름,서귀포시,제주특별자치도 서귀포시 성산읍 고성리 62-4,33.4236309,126.9302509,28,33,5343,원추형,#######,Y,Y
붉은오름,서귀포시,제주특별자치도 서귀포시 표선면 가시리 산158,33.3988071,126.7063341,129,569,585044,원형,#######,,
붉은오름,제주시,제주특별자치도 제주시 애월읍 광령리 산183-2,33.3701721,126.4819697,136,1061,411978,말굽형(북서향),#######,,
비양봉,제주시,제주특별자치도 제주시 한림읍 협재리 산100-1,33.4089411,126.2269726,104,114.1,260428,복합형,#######,,
비치미,제주시,제주특별자치도 제주시 구좌읍 송당리 산255-1,33.4292682,126.7671048,109,344.1,388793,말굽형(북동향),#######,,
빈내오름,제주시,제주특별자치도 제주시 애월읍 봉성리 산5-2,33.3689588,126.3505941,93,658.6,359116,말굽형(남서향),#######,,
사라봉,제주시,제주특별자치도 제주시 건입동 387-1,33.5180564,126.5460544,98,148.2,233471,말굽형(북서향),#######,,
사라오름,서귀포시,제주특별자치도 서귀포시 남원읍 신례리 산2-1,33.299995,126.6297939,150,1324.7,440686,원형,#######,,
사려니,서귀포시,제주특별자치도 서귀포시 남원읍 한남리 산2-1,33.3352599,126.6681117,98,523,260107,말굽형(북동),#######,N,N
사려니 남서쪽,서귀포시,제주특별자치도 서귀포시 남원읍 한남리 산2-1,33.3352599,126.6681117,73,473,77637,원추형,#######,,
사제비동산,제주시,제주특별자치도 제주시 애월읍 광령리 산138-1,33.3701721,126.4819697,49,1423.8,95420,말굽형(서향),#######,,
산굼부리,제주시,제주특별자치도 제주시 조천읍 교래리 산38,33.4276176,126.6665803,32,437.4,574697,원형,#######,,
산방산,서귀포시,제주특별자치도 서귀포시 안덕면 사계리 산16,33.2426249,126.3137339,345,395.2,988332,원추형(종모양),#######,,
산세미오름,제주시,제주특별자치도 제주시 애월읍 고성리 산127,33.4091083,126.4319991,102,651.6,382100,말굽형(북향),#######,,
살손장오리,제주시,제주특별자치도 제주시 봉개동 산78-2,33.4077725,126.6049852,98,912.5,298849,복합형,#######,,
살핀오름,제주시,제주특별자치도 제주시 애월읍 광령리 산183-2,33.3701721,126.4819697,76,1076.3,112029,원추형,#######,,
삼각봉,제주시,제주특별자치도 제주시 오라동 산107,33.4079644,126.5215951,186,1695.5,237586,원추형,#######,,
삼매봉,서귀포시,제주특별자치도 서귀포시 서홍동 809-1,33.2458577,126.5474686,104,153.6,334070,복합형,#######,Y,Y
삼형제(샛오름),서귀포시,제주특별자치도 서귀포시 색달동 산1-3,33.2569808,126.3864531,123,1014,72363,원추형,#######,,
삼형제(우보름),서귀포시,제주특별자치도 서귀포시 색달동 산1-3,33.2569808,126.3864531,45,1025.6,87416,원추형,#######,,
삼형제말젯오름,제주시,제주특별자치도 제주시 애월읍 봉성리 산1,33.3689588,126.3505941,123,1075,340627,말굽형(북서향),#######,,
삼형제샛오름,제주시,제주특별자치도 제주시 애월읍 광령리 산183-2,33.3701721,126.4819697,49,1112.8,412642,말굽형(북서향),#######,,
삼형제큰오름,제주시,제주특별자치도 제주시 애월읍 광령리 산183-2,33.3701721,126.4819697,118,1142.5,367384,말굽형(북서향),#######,,
상여오름,제주시,제주특별자치도 제주시 연동 산72,33.4675657,126.4901034,60,245,162799,원추형,#######,,
새끼오름,서귀포시,제주특별자치도 서귀포시 표선면 성읍리 3196-1,33.4084591,126.7426871,51,301.2,114795,말굽형(서향),#######,,
새별오름,제주시,제주특별자치도 제주시 애월읍 봉성리 산59-8,33.3689588,126.3505941,119,519.3,522216,복합형,#######,,
새신오름,제주시,제주특별자치도 제주시 한경면 청수리 3369,33.2993936,126.2383675,41,141.2,214735,원형,#######,,
샛개오리,제주시,제주특별자치도 제주시 봉개동 산78-1,33.4393726,126.6284479,58,658.3,73832,원추형,#######,,
샛궤펜이,제주시,제주특별자치도 제주시 조천읍 교래리 산137-1,33.4276176,126.6665803,37,757,48413,원형,#######,,
샛오름,제주시,제주특별자치도 제주시 애월읍 곽지리 산14,33.4474908,126.3171162,60,100,155467,말굽형(남서향),#######,,
생기악,서귀포시,제주특별자치도 서귀포시 남원읍 신례리 산34-1,33.299995,126.6297939,65,260,167924,말굽형(북서향),#######,,
서삼봉,제주시,제주특별자치도 제주시 오등동 산 50,33.4413016,126.5532003,48,448.4,21355,말굽형(서남향),#######,,
서수모루,제주시,제주특별자치도 제주시 구좌읍 송당리 산67-2,33.4643526,126.7692825,28,253.7,39359,말굽형(동남향),#######,,
서우봉,제주시,제주특별자치도 제주시 조천읍 함덕리 169-1,33.5452975,126.6776317,106,111.3,835758,원추형,#######,,
선소오름,제주시,제주특별자치도 제주시 한림읍 금악리 2785-1,33.3725196,126.2908105,46,226,240943,말굽형(동향),#######,,
설오름,서귀포시,제주특별자치도 서귀포시 신효동 1028,33.2558085,126.6047697,15,50.1,27896,원추형,#######,,
설오름,서귀포시,제주특별자치도 서귀포시 표선면 가시리 산1,33.3988071,126.7063341,98,238,273810,말굽형(서향),#######,,
섯궤펜이,제주시,제주특별자치도 제주시 조천읍 교래리 산137-1,33.4276176,126.6665803,59,774,72363,원형,#######,,
섯알오름,서귀포시,제주특별자치도 서귀포시 대정읍 상모리 1618,33.2042537,126.281676,21,40.7,29094,말굽형(서향),#######,Y,Y
성널오름,서귀포시,제주특별자치도 서귀포시 남원읍 신례리 산2-1,33.299995,126.6297939,165,1215.2,645717,원추형,#######,,
성불오름,제주시,제주특별자치도 제주시 구좌읍 송당리 산266,33.4230389,126.7504292,97,361.7,380707,말굽형(동향),#######,,
성산일출봉,서귀포시,제주특별자치도 서귀포시 성산읍 성산리 1,33.4584473,126.9425348,174,179,453030,원형,#######,Y,Y
성진이오름,제주시,제주특별자치도 제주시 봉개동 산78-2,33.4077725,126.6049852,75,700.5,128381,원형,#######,,
세미소,제주시,제주특별자치도 제주시 한림읍 금악리 363,33.3509493,126.3209477,30,374.8,160098,원형(화구호),#######,,
세미오름,제주시,제주특별자치도 제주시 아라동 산24-2,33.4763498,126.5450031,139,574.3,412000,원형,#######,,
세미오름,제주시,제주특별자치도 제주시 조천읍 대흘리 산27-1,33.471412,126.674155,126,421,261938,말굽형(남서형),#######,,
소록산,서귀포시,제주특별자치도 서귀포시 표선면 가시리 산 87-1,33.3988071,126.7063341,102,441.9,386069,말굽형(북동향),#######,,
소병악,서귀포시,제주특별자치도 서귀포시 대정읍 상창리 산2-1,33.3066236,126.3704559,93,473,178836,말굽형(서향),#######,N,N
소산오름,제주시,제주특별자치도 제주시 아라일동 산31,33.4454544,126.5542929,48,412.8,30782,원추형,#######,,
소소름,서귀포시,제주특별자치도 서귀포시 표선면 토산리 220,33.3246103,126.7832322,42,162.4,91501,말굽형(서향),#######,,
소수산봉,서귀포시,제주특별자치도 서귀포시 성산읍 고성리 887,33.4368664,126.9120636,38,53,34119,원추형,#######,,
소왕산,서귀포시,제주특별자치도 서귀포시 성산읍 수산리 2160,33.4563187,126.8688005,28,103,35071,말굽형(서향),#######,,
손자봉,제주시,제주특별자치도 제주시 구좌읍 종달리 산52,33.4880673,126.8804954,76,255.8,279921,복합형,#######,,
송아오름,제주시,제주특별자치도 제주시 한경면 조수리 134,33.3355258,126.2385684,29,104,30701,말굽형(남향),#######,,
송악산,서귀포시,제주특별자치도 서귀포시 대정읍 상모리 산2,33.1994088,126.2907797,99,104,585982,복합형,#######,Y,Y
쇠머리오름,제주시,제주특별자치도 제주시 우도면 연평리 산19-1,33.4920413,126.9652088,128,132.5,457393,복합형,#######,,
수악,서귀포시,제주특별자치도 서귀포시 남원읍 하례리 산10,33.3420367,126.5884214,149,474.3,273067,원추형,#######,N,N
수월봉,제주시,제주특별자치도 제주시 한경면 고산리 3763,33.2936087,126.1634177,73,78,249820,원추형,#######,,
쉼터동산,제주시,제주특별자치도 제주시 애월읍 광령리 산183-1,33.3701721,126.4819697,47,1102.8,69083,원추형,#######,,
시오름,서귀포시,제주특별자치도 서귀포시 서홍동 산1,33.3129771,126.5316418,118,757.8,276280,원추형,#######,N,N
식산봉,서귀포시,제주특별자치도 서귀포시 성산읍 오조리 313,33.4656758,126.9196473,55,60.2,53199,원추형,#######,Y,N
식은이오름,제주시,제주특별자치도 제주시 구좌읍 덕천리 1450,33.4726184,126.7482065,45,286,139259,말굽형(남서향),#######,,
신산오름,서귀포시,제주특별자치도 서귀포시 안덕면 창천리 334,33.2630771,126.3608038,30,175,66974,말굽형(북향),#######,,
썩은다리,서귀포시,제주특별자치도 서귀포시 안덕면 화순리 1913,33.2413818,126.329378,37,42,18910,원추형,#######,,
아끈다랑쉬,제주시,제주특별자치도 제주시 구좌읍 세화리 2593-1,33.4757487,126.8327353,58,198,164072,원형,#######,,
아부오름,제주시,제주특별자치도 제주시 구좌읍 송당리 산164-1,33.4476598,126.7772653,51,301.4,314926,원형,#######,Y,Y
아슴선이,서귀포시,제주특별자치도 서귀포시 표선면 하천리 2405,33.3629759,126.8059394,29,148.8,192921,원추형,#######,,
안돌오름,제주시,제주특별자치도 제주시 구좌읍 송당리 산 66-2,33.4575321,126.7558484,93,368.1,298148,말굽형(동향),#######,,
안세미,제주시,제주특별자치도 제주시 봉개동 산2,33.4682542,126.6063061,91,396.4,174311,말굽형(북동향),#######,,
안오름,제주시,제주특별자치도 제주시 애월읍 고성리 1146,33.4509569,126.4145535,21,186,114268,원형,#######,,
안천이오름,제주시,제주특별자치도 제주시 애월읍 어음리 산124,33.3910371,126.3590516,77,742,156344,말굽형(북서향),#######,,
안친오름,제주시,제주특별자치도 제주시 구좌읍 송당리 808,33.478521,126.7855155,22,192,46443,말굽형(북향),#######,,
알밤,제주시,제주특별자치도 제주시 조천읍 선흘리 산 59-1,33.4940059,126.7127119,154,393.6,505969,말굽형(북서향),#######,,
알방애오름,서귀포시,제주특별자치도 서귀포시 동홍동 산1,33.3150776,126.5405045,85,1584.8,214973,원추형,#######,,
알선족이오름,제주시,제주특별자치도 제주시 구좌읍 송당리 산14,33.4822998,126.7825964,21,291.2,45512,말굽형(동향),#######,,
알오름,서귀포시,제주특별자치도 서귀포시 성산읍 시흥리 산1-5,33.4786495,126.8840616,51,145.9,142515,원추형,#######,Y,Y
알오름,제주시,제주특별자치도 제주시 건입동 387-1,33.5180564,126.5460544,21,96.2,35659,원추형,#######,,
알오름,제주시,제주특별자치도 제주시 애월읍 유수암리 산114,33.4140802,126.4034965,31,446.2,87253,원추형,#######,,
어대오름,제주시,제주특별자치도 제주시 구좌읍 덕천리 509-1,33.496861,126.7625037,55,210.5,117905,말굽형(북서향),#######,,
어도오름,제주시,제주특별자치도 제주시 애월읍 봉성리 3920-24,33.3689588,126.3505941,73,143.2,376225,말굽형(북향),#######,,
어스렁오름,제주시,제주특별자치도 제주시 애월읍 광령리 산183-1,33.3701721,126.4819697,37,1332.4,82247,원추형,#######,,
어승생,제주시,제주특별자치도 제주시 해안동 220-1,33.4590395,126.4729491,350,1169,2543257,원형(화구호),#######,,
어오름,서귀포시,제주특별자치도 서귀포시 대정읍 상천리 산24,33.3252407,126.4019377,38,638,81238,원추형,#######,,
어점이악,서귀포시,제주특별자치도 서귀포시 도순동 산1,33.3098899,126.4744626,45,820.1,41425,원추형,#######,,
어후오름,제주시,제주특별자치도 제주시 조천읍 교래리 산137-2,33.4276176,126.6665803,116,1016.9,229772,말굽형(북동향),#######,,
여문영아리,서귀포시,제주특별자치도 서귀포시 표선면 가시리 산145,33.3988071,126.7063341,134,514,600325,말굽형(북향),#######,,
여절악,서귀포시,제주특별자치도 서귀포시 성산읍 신흥리 산18,33.3480845,126.7358734,50,209.8,110552,말굽형(남향),#######,,
열안지,제주시,제주특별자치도 제주시 오라이동 산97,33.426644,126.5207473,113,583.2,368262,말굽형(남동향),#######,,
열안지오름,제주시,제주특별자치도 제주시 봉개동 산78-1,33.4393726,126.6284479,54,328.7,55701,말굽형(북향),#######,,
영아리,서귀포시,제주특별자치도 서귀포시 대정읍 상천리 산24,33.3252407,126.4019377,93,693,477656,말굽형(서향),#######,,
영주산,서귀포시,제주특별자치도 서귀포시 표선면 성읍리 산18-1,33.4040171,126.7990445,176,326.4,1338920,말굽형(동남향),#######,N,N
영천악,서귀포시,제주특별자치도 서귀포시 상효동 산123,33.2940537,126.6011412,97,277,256127,원형,#######,Y,N
예촌망,서귀포시,제주특별자치도 서귀포시 남원읍 하례리 95-11,33.3420367,126.5884214,63,67.5,312719,원추형,#######,,
오구시오름,제주시,제주특별자치도 제주시 오등동 570-1,33.4700922,126.5350549,29,188.6,27729,말굽형(동향),#######,,
오드싱오름,제주시,제주특별자치도 제주시 오등동 1554,33.471431,126.5216101,56,206.2,169387,말굽형(북향),#######,,
오백나한,서귀포시,제주특별자치도 서귀포시 하원동 산1-1,33.3401998,126.4792115,389,1639.3,599856,복합형,#######,,
왕관릉,제주시,제주특별자치도 제주시 오등동 산182,33.3718377,126.5298401,150,1666.3,43678,원추형,#######,,
왕오름,서귀포시,제주특별자치도 서귀포시 중문동 산1-1,33.3436613,126.4650215,38,1223,92387,원추형,#######,,
왕이메,서귀포시,제주특별자치도 서귀포시 안덕면 광평리 산79,33.340233,126.374785,92,612.4,709179,복합형,#######,N,N
용눈이오름,제주시,제주특별자치도 제주시 구좌읍 종달리 산28,33.4880673,126.8804954,88,247.8,404264,복합형,#######,,
용머리,서귀포시,제주특별자치도 서귀포시 안덕면 사계리 112-1,33.2340447,126.3141969,43,48.5,59515,원추형,#######,Y,Y
우보악,서귀포시,제주특별자치도 서귀포시 색달동 912-1,33.2814107,126.4111118,96,301.4,399924,말굽형(동향),#######,,
우진제비,제주시,제주특별자치도 제주시 조천읍 선흘리 산111,33.4662048,126.7017009,126,410.6,406250,말굽형(북동향),#######,,
운지악,서귀포시,제주특별자치도 서귀포시 남원읍 남원리 760-2,33.2993082,126.7050263,24,113.5,37596,말굽형,#######,N,N
웃밤,제주시,제주특별자치도 제주시 조천읍 선흘리 산 84,33.4784421,126.7143161,137,416.8,376587,말굽형(북향),#######,,
웃방애오름,서귀포시,제주특별자치도 서귀포시 동홍동 산1,33.3150776,126.5405045,73,1747.9,89796,원추형,#######,,
웃선족이오름,제주시,제주특별자치도 제주시 구좌읍 송당리 산140-2,33.4421766,126.7485654,32,307.3,64789,말굽형(남향),#######,,
웃세오름,제주시,제주특별자치도 제주시 애월읍 광령리 산138-1,33.3701721,126.4819697,75,1740,273416,원추형,#######,,
원당봉,제주시,제주특별자치도 제주시 삼양일동 산1-1,33.5253752,126.5978854,120,170.7,663286,말굽형(북향),#######,,
원수악,서귀포시,제주특별자치도 서귀포시 안덕면 동광리 산41,33.3226391,126.3456997,98,458.5,584056,말굽형(서향),#######,,
월라봉,서귀포시,제주특별자치도 서귀포시 안덕면 감산리 1148,33.2442794,126.3499008,101,200.7,818809,복합형,#######,Y,N
월라산,서귀포시,제주특별자치도 서귀포시 신효동 산1,33.2705143,126.6046518,63,117.8,498972,복합형,#######,Y,Y
월랑지,서귀포시,제주특별자치도 서귀포시 표선면 성읍리 산5,33.4390073,126.8097233,35,260.2,83957,말굽형(북향),#######,,
월산봉,서귀포시,제주특별자치도 서귀포시 강정동 1461,33.2596431,126.501791,62,212.2,0,원추형,#######,,
유건에오름,서귀포시,제주특별자치도 서귀포시 성산읍 난산리 2302,33.4135945,126.8467892,75,190.2,204487,원형,#######,N,N
은월봉,제주시,제주특별자치도 제주시 구좌읍 종달리 산21,33.4880673,126.8804954,75,179.6,209307,말굽형(북동향),#######,,
응악,서귀포시,제주특별자치도 서귀포시 남원읍 수망리 127,33.3311189,126.7229407,33,178,23052,원추형,#######,,
이계오름,제주시,제주특별자치도 제주시 한경면 청수리 1854,33.3313174,126.2451324,38,167.7,48811,말굽형(동향),#######,,
이달봉,제주시,제주특별자치도 제주시 애월읍 봉성리 산71-1,33.3689588,126.3505941,119,488.7,250204,원추형,#######,,
이달이촛대봉,제주시,제주특별자치도 제주시 애월읍 봉성리 산71-1,33.3689588,126.3505941,86,456,104258,원추형,#######,,
이돈이오름,서귀포시,제주특별자치도 서귀포시 안덕면 광평리 산3,33.3357114,126.4074723,68,663.2,287784,말굽형(서향),#######,,
이스렁오름,제주시,제주특별자치도 제주시 애월읍 광령리 산138-1,33.3701721,126.4819697,73,1352.6,155494,원추형,#######,,
이승악,서귀포시,제주특별자치도 서귀포시 남원읍 신례리 산2-1,33.299995,126.6297939,114,539,332070,말굽형(동향),#######,Y,Y
인정오름,서귀포시,제주특별자치도 서귀포시 토평동 1952,33.2844859,126.5853688,49,232.5,212119,원형,#######,,
입산봉,제주시,제주특별자치도 제주시 구좌읍 동김녕리 1033,33.5488485,126.7569671,65,84.5,229521,원형,#######,,
입석오름,서귀포시,제주특별자치도 서귀포시 남원읍 하례리 산2-1,33.3420367,126.5884214,39,1189,102586,원추형,#######,,
자배봉,서귀포시,제주특별자치도 서귀포시 남원읍 위미리 산143,33.3060336,126.6580882,111,211.3,440293,원형,#######,Y,Y
장구목,제주시,제주특별자치도 제주시 오라이동 산107,33.4079644,126.5215951,70,1813,227978,원추형,#######,,
장오름,서귀포시,제주특별자치도 서귀포시 중문동 산1-1,33.3436613,126.4650215,27,1132.1,55507,원추형,#######,,
장자오름,서귀포시,제주특별자치도 서귀포시 표선면 성읍리 2768,33.3875962,126.7805885,31,215.9,71285,원추형,#######,,
저지오름,제주시,제주특별자치도 제주시 한경면 저지리 산51,33.3330097,126.2509518,104,239.3,379316,원형,#######,Y,Y
절물오름(족은대나),제주시,제주특별자치도 제주시 봉개동 산78-1,33.4393726,126.6284479,120,656.7,305719,말굽형(북동향),#######,,
절물오름(큰대나),제주시,제주특별자치도 제주시 봉개동 산78-1,33.4393726,126.6284479,147,696.9,397123,원형,#######,,
정물알오름,제주시,제주특별자치도 제주시 한림읍 금악리 105-1,33.3401493,126.3237888,41,355.5,52854,원추형,#######,,
정물오름,제주시,제주특별자치도 제주시 한림읍 금악리 산52-1,33.3376384,126.330349,151,466.1,494293,말굽형(북서향),#######,,
정월오름,제주시,제주특별자치도 제주시 한림읍 금능리 565-61,33.3642307,126.2419374,56,106.2,192446,말굽형(북서향),#######,,
제석오름,서귀포시,제주특별자치도 서귀포시 표선면 하천리 429-1,33.3470334,126.836251,48,87.5,58164,원추형,#######,N,N
제지기오름,서귀포시,제주특별자치도 서귀포시 보목동 산1,33.2303507,126.5994088,85,94.8,77023,원추형,#######,,
족은개오리,제주시,제주특별자치도 제주시 봉개동 산78-1,33.4393726,126.6284479,79,664,175778,말굽형(서향),#######,,
족은노로오름,제주시,제주특별자치도 제주시 애월읍 고성리 산145,33.3829668,126.4412517,34,1019.2,95867,복합형,#######,,
족은노리손이,제주시,제주특별자치도 제주시 봉개동 산294-22,33.4914049,126.5949431,28,413.8,14756,원추형,#######,,
족은대비악,서귀포시,제주특별자치도 서귀포시 안덕면 광평리 산59,33.3300596,126.369953,71,541.2,188947,복합형,#######,,
족은돌이미,제주시,제주특별자치도 제주시 구좌읍 송당리 2451,33.4401657,126.7729838,24,274,66814,말굽형(동남향),#######,,
족은드레,제주시,제주특별자치도 제주시 해안동 산220-1,33.4000858,126.4872184,279,1339.2,685355,원추형,#######,,
족은바리메,제주시,제주특별자치도 제주시 애월읍 상가리 산124,33.3704494,126.4161146,126,725.8,688020,말굽형(북서향),#######,,
족은방애오름,제주시,제주특별자치도 제주시 조천읍 교래리 산 44,33.4276176,126.6665803,28,437.5,61947,말굽형(북동향),#######,,
족은오름,제주시,제주특별자치도 제주시 애월읍 광령리 산138-1,33.3701721,126.4819697,64,1698.9,116502,원추형,#######,,
족은지그리,제주시,제주특별자치도 제주시 조천읍 교래리 산119,33.4276176,126.6665803,69,504,120674,말굽형(남동향),#######,,
종재기악,제주시,제주특별자치도 제주시 구좌읍 덕천리 1307,33.4796733,126.7561625,45,254.9,22813,원추형,#######,,
좌보미,서귀포시,제주특별자치도 서귀포시 표선면 성읍리 산6,33.4359037,126.8070751,112,342,631356,말굽형(남향),#######,N,N
좌보미알오름,서귀포시,제주특별자치도 서귀포시 표선면 성읍리 93,33.4311372,126.8141686,23,227.5,18946,원형,#######,,
주체오름,제주시,제주특별자치도 제주시 구좌읍 덕천리 864,33.4919573,126.7472686,35,220.6,61751,말굽형(남서향),#######,,
지미봉,제주시,제주특별자치도 제주시 구좌읍 종달리 산3-1,33.4880673,126.8804954,160,165.8,423814,말굽형(북향),#######,Y,Y
진물굼부리,제주시,제주특별자치도 제주시 봉개동 산78-1,33.4393726,126.6284479,25,573,50595,말굽형(남서향),#######,,
천아오름,제주시,제주특별자치도 제주시 애월읍 광령리 산182,33.3701721,126.4819697,87,797,157348,말굽형(북서향),#######,,
천아오름,제주시,제주특별자치도 제주시 한림읍 상대리 1689,33.4046589,126.2986977,49,133.6,127387,말굽형(서남향),#######,,
체오름,제주시,제주특별자치도 제주시 구좌읍 덕천리 산 2,33.4649033,126.7487337,117,382.2,553701,말굽형(북동향),#######,,
쳇망오름,서귀포시,제주특별자치도 서귀포시 표선면 가시리 산158-2,33.3988071,126.7063341,55,444.6,140916,원형,#######,,
쳇망오름,제주시,제주특별자치도 제주시 애월읍 광령리 산138-1,33.3701721,126.4819697,55,1354.9,238510,말굽형(북서향),#######,,
칡(족은)오름,제주시,제주특별자치도 제주시 봉개동 466-2,33.4746921,126.6134368,42,326.5,51407,원추형,#######,,
칡(큰)오름,제주시,제주특별자치도 제주시 봉개동 466-2,33.4746921,126.6134368,47,336.6,50953,원추형,#######,,
칡오름,서귀포시,제주특별자치도 서귀포시 상효동 산129,33.2847601,126.6044391,96,271,337365,원형,#######,N,N
칡오름,제주시,제주특별자치도 제주시 구좌읍 송당리 산155,33.4449279,126.7616328,49,303.9,126006,말굽형(남서향),#######,,
큰노리손이,제주시,제주특별자치도 제주시 봉개동 산294-22,33.4914049,126.5949431,52,426.6,69773,원추형,#######,,
큰돌이미,제주시,제주특별자치도 제주시 구좌읍 송당리 산255-1,33.4292682,126.7671048,82,311.9,273308,말굽형(동북향),#######,,
큰드레,제주시,제주특별자치도 제주시 오라동 산107,33.4079644,126.5215951,140,1628.4,490592,원추형,#######,,
큰지그리,제주시,제주특별자치도 제주시 조천읍 교래리 산119,33.4276176,126.6665803,118,598,344976,말굽형(남서향),#######,,
테역장오리,제주시,제주특별자치도 제주시 봉개동 산78-2,33.4077725,126.6049852,50,846.3,104519,말굽형(북향),#######,,
토산봉,서귀포시,제주특별자치도 서귀포시 표선면 토산리 산13,33.3223939,126.7735897,75,175.4,398823,복합형,#######,N,Y
통오름,서귀포시,제주특별자치도 서귀포시 성산읍 난산리 1976-1,33.3943796,126.8561053,43,143.1,258114,말굽형(서향),#######,N,N
파군봉,제주시,제주특별자치도 제주시 애월읍 하귀1리 688-1,33.4792184,126.4124047,50,84.5,59269,원추형,#######,,
판포오름,제주시,제주특별자치도 제주시 한경면 판포리 935-1,33.3581285,126.2134159,58,93.2,192446,말굽형(동향),#######,,
폭낭오름,제주시,제주특별자치도 제주시 애월읍 봉성리 산43,33.3689588,126.3505941,76,645.5,583171,복합형,#######,,
하논,서귀포시,제주특별자치도 서귀포시 호근동 149,33.2537823,126.5422628,88,143.4,1266825,원형,#######,Y,N
하늬보기,서귀포시,제주특별자치도 서귀포시 대정읍 상천리 산89,33.3264189,126.3922173,42,592.3,17795,원추형,#######,,
한대오름,제주시,제주특별자치도 제주시 애월읍 봉성리 산1,33.3689588,126.3505941,36,921.4,132263,원추형,#######,,
후곡악,서귀포시,제주특별자치도 서귀포시 성산읍 수산리 4504,33.4310244,126.8273298,36,206.2,54168,말굽형(서남향),#######,N,N
흑악,서귀포시,제주특별자치도 서귀포시 남원읍 신례리 산2-1,33.299995,126.6297939,40,590.1,32197,원추형,#######,,
흙붉은오름,제주시,제주특별자치도 제주시 아라일동 산67,33.4088386,126.5665066,146,1380.7,721090,말굽형(동향),#######,,
